Workbook
Name Slicer_Category: #N/A
Name Slicer_Region: #N/A

Sheet Raw_Data
A1: Order_ID | B1: Order_Date | C1: Sales_Region | D1: Product_Category | E1: Product_Name | F1: Units_Sold | G1: Unit_Price_USD | H1: Total Revenue | I1: Sales Rep
A2: ORD-5001 | B2: 46023 | C2: North America | D2: Hardware | E2: UltraBook Pro 15" | F2: 12 | G2: 1250 | H2: =F2*G2 -> 15000 | I2: Marcus Vance
A3: ORD-5002 | B3: 46024 | C3: Europe | D3: Software | E3: CloudSync Enterprise (Annual) | F3: 45 | G3: 320 | H3: =F3*G3 -> 14400 | I3: Elena Rostova
A4: ORD-5003 | B4: 46024 | C4: Asia-Pacific | D4: Hardware | E4: Apex Ultra Monitor 27" | F4: 28 | G4: 450 | H4: =F4*G4 -> 12600 | I4: Kenji Sato
A5: ORD-5004 | B5: 46025 | C5: North America | D5: Services | E5: Cloud Migration Consulting | F5: 1 | G5: 8500 | H5: =F5*G5 -> 8500 | I5: Sarah Jenkins
A6: ORD-5005 | B6: 46026 | C6: Latin America | D6: Hardware | E6: SecureVault NAS 4-Bay | F6: 15 | G6: 780 | H6: =F6*G6 -> 11700 | I6: Carlos Mendez
A7: ORD-5006 | B7: 46027 | C7: Europe | D7: Software | E7: DataGuard Security Suite | F7: 60 | G7: 150 | H7: =F7*G7 -> 9000 | I7: Elena Rostova
A8: ORD-5007 | B8: 46027 | C8: North America | D8: Hardware | E8: UltraBook Pro 15" | F8: 8 | G8: 1250 | H8: =F8*G8 -> 10000 | I8: Marcus Vance
A9: ORD-5008 | B9: 46028 | C9: Asia-Pacific | D9: Services | E9: AI Analytics Integration | F9: 2 | G9: 12000 | H9: =F9*G9 -> 24000 | I9: Kenji Sato
A10: ORD-5009 | B10: 46029 | C10: North America | D10: Software | E10: CloudSync Enterprise (Annual) | F10: 30 | G10: 320 | H10: =F10*G10 -> 9600 | I10: Sarah Jenkins
A11: ORD-5010 | B11: 46030 | C11: Latin America | D11: Hardware | E11: Apex Ultra Monitor 27" | F11: 18 | G11: 450 | H11: =F11*G11 -> 8100 | I11: Carlos Mendez
A12: ORD-5011 | B12: 46031 | C12: Europe | D12: Hardware | E12: SecureVault NAS 4-Bay | F12: 22 | G12: 780 | H12: =F12*G12 -> 17160 | I12: Elena Rostova
A13: ORD-5012 | B13: 46032 | C13: Asia-Pacific | D13: Software | E13: DataGuard Security Suite | F13: 50 | G13: 150 | H13: =F13*G13 -> 7500 | I13: Kenji Sato
... A101: ORD-5100 | B101: 46103 | C101: Europe | D101: Software | E101: DataGuard Security Suite | F101: 65 | G101: 150 | H101: =F101*G101 -> 9750 | I101: Elena Rostova

Sheet Pivot_Engine
A1: Sales_Region | B1: Total_Units_Sold | C1: Total_Revenue_USD | E1: Product_Category | F1: Category_Units | G1: Category_Revenue_USD
A2: North America | B2: =SUMIF(Raw_Data!$C$2:$C$101, A2, Raw_Data!$F$2:$F$101) -> 706 | C2: =SUMIF(Raw_Data!$C$2:$C$101, A2, Raw_Data!$H$2:$H$101) -> 440680 | E2: Hardware | F2: =SUMIF(Raw_Data!$D$2:$D$101, E2, Raw_Data!$F$2:$F$101) -> 805 | G2: =SUMIF(Raw_Data!$D$2:$D$101, E2, Raw_Data!$H$2:$H$101) -> 623940
A3: Europe | B3: =SUMIF(Raw_Data!$C$2:$C$101, A3, Raw_Data!$F$2:$F$101) -> 0 | C3: =SUMIF(Raw_Data!$C$2:$C$101, A3, Raw_Data!$H$2:$H$101) -> 0 | E3: Software | F3: =SUMIF(Raw_Data!$D$2:$D$101, E3, Raw_Data!$F$2:$F$101) -> 0 | G3: =SUMIF(Raw_Data!$D$2:$D$101, E3, Raw_Data!$H$2:$H$101) -> 0
A4: Asia-Pacific | B4: =SUMIF(Raw_Data!$C$2:$C$101, A4, Raw_Data!$F$2:$F$101) -> 428 | C4: =SUMIF(Raw_Data!$C$2:$C$101, A4, Raw_Data!$H$2:$H$101) -> 346750 | E4: Services | F4: =SUMIF(Raw_Data!$D$2:$D$101, E4, Raw_Data!$F$2:$F$101) -> 41 | G4: =SUMIF(Raw_Data!$D$2:$D$101, E4, Raw_Data!$H$2:$H$101) -> 415000
A5: Latin America | B5: =SUMIF(Raw_Data!$C$2:$C$101, A5, Raw_Data!$F$2:$F$101) -> 414 | C5: =SUMIF(Raw_Data!$C$2:$C$101, A5, Raw_Data!$H$2:$H$101) -> 211360

Sheet Dashboard
B1: EXECUTIVE SALES & REVENUE ANALYTICS CONSOLE
B2: Real-Time Regional & Category Performance Intelligence
B4: TOTAL REVENUE | D4: TOTAL UNITS SOLD | F4: TOTAL TRANSACTIONS | H4: AVG ORDER VALUE
B5: =SUM(Raw_Data!H2:H101) -> 1362610 | D5: =SUM(Raw_Data!F2:F101) -> 2249 | F5: =COUNTA(Raw_Data!A2:A101) -> 100 | H5: =B5/D5 -> 605.87372
B8: Region | C8: Units | D8: Revenue | F8: Category | G8: Units | H8: Revenue
B9: =Pivot_Engine!A2 -> North America | C9: =Pivot_Engine!B2 -> 706 | D9: =Pivot_Engine!C2 -> 440680 | F9: =Pivot_Engine!E2 -> Hardware | G9: =Pivot_Engine!F2 -> 805 | H9: =Pivot_Engine!G2 -> 623940
B10: =Pivot_Engine!A3 -> Europe | C10: =Pivot_Engine!B3 -> 0 | D10: =Pivot_Engine!C3 -> 0 | F10: =Pivot_Engine!E3 -> Software | G10: =Pivot_Engine!F3 -> 0 | H10: =Pivot_Engine!G3 -> 0
B11: =Pivot_Engine!A4 -> Asia-Pacific | C11: =Pivot_Engine!B4 -> 428 | D11: =Pivot_Engine!C4 -> 346750 | F11: =Pivot_Engine!E4 -> Services | G11: =Pivot_Engine!F4 -> 41 | H11: =Pivot_Engine!G4 -> 415000
B12: =Pivot_Engine!A5 -> Latin America | C12: =Pivot_Engine!B5 -> 414 | D12: =Pivot_Engine!C5 -> 211360

Sheet Lookup_Reference
A1: Performance_Tier | B1: Min_Sales_Volume | C1: Commission_Rate | E1: Sales_Region | F1: Quarterly_Target_USD | G1: Regional_Manager
A2: Standard | B2: 0 | C2: 0.05 | E2: North America | F2: 500000 | G2: Marcus Vance
A3: Senior | B3: 50000 | C3: 0.08 | E3: Europe | F3: 400000 | G3: Elena Rostova
A4: Executive | B4: 150000 | C4: 0.12 | E4: Asia-Pacific | F4: 350000 | G4: Kenji Sato
E5: Latin America | F5: 250000 | G5: Carlos Mendez
